{"cameraMode":{"drawMode":0,"name":"Shaded","section":"Shading Mode"},"sceneLighting":true,"audioPlay":false,"sceneViewState":{"showFog":false,"showMaterialUpdate":false,"showSkybox":false,"showFlares":true,"showImageEffects":false,"showParticleSystems":false},"in2DMode":false,"pivot":{"x":1.06219482421875,"y":1.03759765625,"z":9.7138671875},"rotation":{"x":0.129419207572937,"y":0.04163406416773796,"z":-0.00543874129652977,"w":0.9907041788101196},"size":5.6177897453308109,"orthographic":true}